fecha_de_venta,ceve_id,ITEM,producto,transitos,existencia,safety_stock,sugerido,pedido_final,pedido_final_camas,pedido_final_tarimas
2019-03-22,12768,122902,ALMENDRAS 36G RIC,0,0,0,0,0,0,0
2019-03-22,12768,36349,ALMENDRAS 40G RIC,0,0,0,0,0,0,0
2019-03-22,12768,123324,ARELOS FUEGO 25G BAR,0,0,0,0,0,0,0
2019-03-22,12768,123788,ARELOS FUEGO 25G BOLSA CB1 BAR,0,37,1,0,0,0,0
2019-03-22,12768,123322,ARELOS JALAPENO 25G BAR,0,0,0,0,0,0,0
2019-03-22,12768,123786,ARELOS JALAPENO 25G BOLSA CB1 BAR,0,0,0,0,0,0,0
2019-03-22,12768,123323,ARELOS QUESO 25G BAR,0,0,0,0,0,0,0
2019-03-22,12768,123787,ARELOS QUESO 25G BOLSA CB1 BAR,0,55,1,0,0,0,0
2019-03-22,12768,9283,BARRA CHOC ARROZ INFLADO 38G LC,0,0,0,0,0,0,0
2019-03-22,12768,9326,BARRA CHOCOLATE 10P 380G CJ LC,0,0,0,0,0,0,0
2019-03-22,12768,34322,BARRA POLLITOS 16P 30G CJ LC,0,0,0,0,0,0,0
2019-03-22,12768,9330,BARRA SUIZA 21P 388.5G CJ LC,0,0,0,0,0,0,0
2019-03-22,12768,38347,BIG MIX 4E 200G BAR,0,0,0,0,0,0,0
2019-03-22,12768,9789,BIG MIX 80G BAR,0,0,0,0,0,0,0
2019-03-22,12768,124235,BIG MIX CLASICO NVO 200G CB2 BAR,0,49,0,0,0,0,0
2019-03-22,12768,37954,BIG MIX FUEGO 200G BAR,0,0,0,0,0,0,0
2019-03-22,12768,123733,BIG MIX FUEGO 70G BOLSA CB2 BAR,0,0,0,0,0,0,0
2019-03-22,12768,9788,BIG MIX FUEGO 80G BAR,0,0,0,0,0,0,0
2019-03-22,12768,124237,BIG MIX FUEGO NVO 200G CB2 BAR,241,98,0,0,0,0,0
2019-03-22,12768,124236,BIG MIX FUEGO NVO 70G BOLSA CB2 BAR,154,196,44,0,0,0,0
2019-03-22,12768,123019,BIG MIX JALAPENO 80G BAR,0,0,0,0,0,0,0
2019-03-22,12768,124238,BIG MIX JALAPENO NVO 70G BAR,0,0,21,61,61,9,1
2019-03-22,12768,123735,BIG MIX ORIGINAL 70G BOLSA CB2 BAR,0,0,0,0,0,0,0
2019-03-22,12768,124234,BIG MIX ORIGINAL NVO 70G BOLSA CB2 BAR,98,147,23,0,0,0,0
2019-03-22,12768,9745,BIG MIX QUESO 200G BAR,112,20,16,0,0,0,0
2019-03-22,12768,123736,BIG MIX QUESO 70G BOLSA CB2 BAR,49,196,43,0,0,0,0
2019-03-22,12768,9743,BIG MIX QUESO 80G BAR,0,0,0,0,0,0,0
2019-03-22,12768,123285,BIG MIX QUESO CA 300G CB3 BAR,0,0,0,0,0,0,0
2019-03-22,12768,34783,BLISTER STARGUM MENTA INTENSA 8G SKD,0,0,0,0,0,0,0
2019-03-22,12768,30940,BOLSA CAJETA QUEMADA 150G CU COR,0,0,0,0,0,0,0
2019-03-22,12768,34029,BOLSA CHICLOSO 33P 204.6G COR,0,0,0,0,0,0,0
2019-03-22,12768,123475,BOLSA KARAMELADAS 50G CB1 BAR,0,0,0,0,0,0,0
2019-03-22,12768,124092,BOLSITA AROS DE DURAZNO 60G CTR RIC,6,0,0,0,0,0,0
2019-03-22,12768,124073,BOLSITA CACAHUATE ENCHILADO 70G C3H BAR,0,0,1,3,3,0,0
2019-03-22,12768,124074,BOLSITA CACAHUATE JAPONES 70G C3H BAR,0,9,0,0,0,0,0
2019-03-22,12768,124072,BOLSITA CACAHUATE SALADO 70G C3H BAR,0,0,1,2,2,0,0
2019-03-22,12768,123328,BOLSITA CANASTA 4P 26G LC,2,3,0,0,0,0,0
2019-03-22,12768,123343,BOLSITA CHICKS 5P 24.5G CHK,0,0,0,0,0,0,0
2019-03-22,12768,123333,BOLSITA CHICLOSO 4P 24.8G COR,0,0,0,0,0,0,0
2019-03-22,12768,123338,BOLSITA MIX PALETAS 3P 48G VER,0,0,0,0,0,0,0
2019-03-22,12768,123330,BOLSITA MONEDAS 4P 16G RIC,0,0,0,0,0,0,0
2019-03-22,12768,123329,BOLSITA POLLITOS CHOCOLATE 4P 26G LC,0,0,0,0,0,0,0
2019-03-22,12768,124093,BOLSITA RANAS 60G CTR RIC,46,0,0,0,0,0,0
2019-03-22,12768,123336,BOLSITA RELLERINDO 4P 44G VER,0,0,0,0,0,0,0
2019-03-22,12768,124094,BOLSITA TIBURONES 60G CTR RIC,44,0,0,0,0,0,0
2019-03-22,12768,122880,BOLSON ALMENDRAS NAVIDAD 250G RIC,0,0,0,0,0,0,0
2019-03-22,12768,122881,BOLSON PASITAS NAVIDENAS 250G RIC,0,0,0,0,0,0,0
2019-03-22,12768,123093,BON O BON COOKIES CREAM 15P 15G RIC,0,0,0,0,0,0,0
2019-03-22,12768,123780,BON O BON CORONADO 15P 225G DPY CU ARC,0,0,1,0,0,0,0
2019-03-22,12768,123781,BON O BON CORONADO 18P 270G DPY CU ARC,0,0,0,0,0,0,0
2019-03-22,12768,9617,BON O BON LECHE AMOR GEN 15P 225G CU ARC,0,0,0,0,0,0,0
2019-03-22,12768,39069,BPOPS ADOBO 40G BAR,0,0,0,0,0,0,0
2019-03-22,12768,39066,BPOPS MOCA 40G BAR,0,0,0,0,0,0,0
2019-03-22,12768,39062,BPOPS QUESO PICOSITO T1 33G TIRA BAR,0,0,0,0,0,0,0
2019-03-22,12768,123029,BUBULUBERA MIXTA BBB/KRANKY 21P 750G RIC,0,0,0,0,0,0,0
2019-03-22,12768,30247,BUBULUBU 8P 20G RIC,0,0,0,0,0,0,0
2019-03-22,12768,36837,BUBULUBU BIG 2 PACK 70G RIC,0,0,0,0,0,0,0
2019-03-22,12768,9794,BUBULUBU DARKSIDE CM 35G RIC,0,0,0,0,0,0,0
2019-03-22,12768,7567,BUBULUBU FROST 35G RIC,0,0,0,0,0,0,0
2019-03-22,12768,7568,BUBULUBU FROST CM 35G RIC,0,0,0,0,0,0,0
2019-03-22,12768,123050,BUBULUBU FROST NVO 35G RIC,0,0,0,0,0,0,0
2019-03-22,12768,124415,BUTTER TOFFEE C FRESA 50P 200G CJ CU ARC,12,0,0,0,0,0,0
2019-03-22,12768,48939,BUTTER TOFFEES BONOBON 50P 350G DPY RIC,0,0,0,0,0,0,0
2019-03-22,12768,124272,BUTTERTOFFEE S MEXICO 50P 200G CJ CU ARC,16,0,0,0,0,0,0
2019-03-22,12768,123275,CACAHUATE KIMONO 120G BAR,0,0,0,0,0,0,0
2019-03-22,12768,123161,CACAHUATE KIMONO 20P 28G CU BAR,0,0,0,0,0,0,0
2019-03-22,12768,123441,CACAHUATE KIMONO CA 140G C3H BAR,0,0,0,0,0,0,0
2019-03-22,12768,123504,CACAHUATE KIMONO MUESTREO 28G C3H BAR,0,0,0,0,0,0,0
2019-03-22,12768,123442,CACAHUATE KIMONO PLAN COMERCIAL 140G C3H BAR,0,0,0,0,0,0,0
2019-03-22,12768,600582,CACAHUATE KIMONO TRANSF 28 G,0,0,0,0,0,0,0
2019-03-22,12768,35991,CACAHUATE KIYAKIS 95G BAR,0,0,0,0,0,0,0
2019-03-22,12768,602816,CAJA CON RELLERINDO SANDIA CHAMOY TRASPASO (1500PZAS),0,0,0,0,0,0,0
2019-03-22,12768,602813,CAJA CON SANDIGOMA CON CHILE 8.5G VERO TRASPASO (1800 PZA),0,0,0,0,0,0,0
2019-03-22,12768,123697,CAJETA CARAMELO 1P 370G CU COR,0,0,0,0,0,0,0
2019-03-22,12768,123157,CAJETA QUEMADA 180G COR,0,0,0,0,0,0,0
2019-03-22,12768,33433,CAJETA QUEMADA YOPI 180G YOP,0,0,0,0,0,0,0
2019-03-22,12768,8789,CAJETA VAINILLA 310G COR,0,0,0,0,0,0,0
2019-03-22,12768,34523,CAJETITA 30G COR,0,0,0,0,0,0,0
2019-03-22,12768,123497,CANASTA AVELLANA 50P 325G CJ CU LC,0,0,0,0,0,0,0
2019-03-22,12768,124078,CAPITAN GOURMET 24P 150 MLG CU BAR,0,0,0,0,0,0,0
2019-03-22,12768,123784,CARAMELO ALKA ICE MIEL 9P 30.6G CU ARC,10,0,0,0,0,0,0
2019-03-22,12768,123785,CARAMELO ALKAICEMTA/YERB 9P 30.6G CU ARC,11,0,0,0,0,0,0
2019-03-22,12768,35512,CARAMELO SANDIBROCHAS BITES 1P 40G VER,0,0,0,0,0,0,0
2019-03-22,12768,124161,CEREBROZOS 10P 20G TIRA CU VER,0,0,0,0,0,0,0
2019-03-22,12768,124496,CEREBROZOS PLAN COMERCIAL 10P 20G TIRA CU VER,58,0,1,0,0,0,0
2019-03-22,12768,124076,CHAMOY AMOR 20P 355 MLG CU BAR,0,0,0,0,0,0,0
2019-03-22,12768,35549,CHICHARRON CERDO 90G CB2 BAR,0,0,0,0,0,0,0
2019-03-22,12768,123790,CHICHARRON DE CERDO 110G CB3 BAR,16,0,1,0,0,0,0
2019-03-22,12768,123513,CHICHARRON DE CERDO 75G BOLSA CB2 BAR,1,0,2,12,12,0,0
2019-03-22,12768,6177,CHICHARRON KIMONO 36G BAR,0,0,0,0,0,0,0
2019-03-22,12768,36293,CHICKS BOLSA 150P TRI CHK,0,0,0,0,0,0,0
2019-03-22,12768,122977,CHICLE BOLA 50P 3G CJ RIC,0,0,0,0,0,0,0
2019-03-22,12768,30179,CHICLOSO CAJETA 105G BOLSA COR,0,0,0,0,0,0,0
2019-03-22,12768,37733,CHICLOSO RESURTIDO 65P 403G COR,0,0,0,0,0,0,0
2019-03-22,12768,196446,CHIP´S SAL 800 G TRANSFERENCIA,0,0,0,0,0,0,0
2019-03-22,12768,122875,CHIPOTLES 170G BAR,0,0,0,0,0,0,0
2019-03-22,12768,6490,CHIPOTLES 52G BAR,138,182,45,0,0,0,0
2019-03-22,12768,124348,CHIPOTLES 60G PROMO CB2 BAR,0,0,0,0,0,0,0
2019-03-22,12768,31811,CHIPOTLES 80G BAR,42,28,8,0,0,0,0
2019-03-22,12768,123636,CHIPS 16P 672G CJ CU BAR,0,0,0,0,0,0,0
2019-03-22,12768,7184,CHIPS A LA DIABLA 170G BAR,0,0,0,0,0,0,0
2019-03-22,12768,123272,CHIPS A LA DIABLA 42G BAR,0,0,0,0,0,0,0
2019-03-22,12768,42225,CHIPS A LA DIABLA 46G BAR,0,0,0,0,0,0,0
2019-03-22,12768,123499,CHIPS A LA DIABLA 50G BOLSA CO2 BAR,0,0,0,0,0,0,0
2019-03-22,12768,123271,CHIPS ADOBADAS 42G BAR,0,0,0,0,0,0,0
2019-03-22,12768,42226,CHIPS ADOBADAS 46G BAR,0,0,0,0,0,0,0
2019-03-22,12768,123492,CHIPS ADOBADAS 50G BOLSA CO2 BAR,0,0,0,0,0,0,0
2019-03-22,12768,122991,CHIPS ADOBADAS 53G BAR,0,0,0,0,0,0,0
2019-03-22,12768,35035,CHIPS ADOBADAS CORTE DELGADO 55G BAR,0,0,0,0,0,0,0
2019-03-22,12768,35037,CHIPS ADOBADAS CORTE DELGADO170G BAR,0,0,0,0,0,0,0
2019-03-22,12768,122911,CHIPS CHIPOTLE LIMON 46G BAR,0,0,0,0,0,0,0
2019-03-22,12768,122897,CHIPS CHIPOTLE LIMON CA 100G BAR,0,0,0,0,0,0,0
2019-03-22,12768,122898,CHIPS CHIPOTLE LIMON CA 170G BAR,0,0,0,0,0,0,0
2019-03-22,12768,123269,CHIPS CON SAL 42G BAR,0,0,0,0,0,0,0
2019-03-22,12768,36215,CHIPS CORT DELGADO ADOBADAS MAR 245G BAR,0,0,0,0,0,0,0
2019-03-22,12768,38448,CHIPS CORTE DELGADO LIMON 100G BAR,0,0,0,0,0,0,0
2019-03-22,12768,40926,CHIPS CREMA Y ESPECIAS 170G BAR,0,0,0,0,0,0,0
2019-03-22,12768,122990,CHIPS DIABLA 53G BAR,0,0,0,0,0,0,0
2019-03-22,12768,31560,CHIPS DIABLA 60G BAR,0,0,0,0,0,0,0
2019-03-22,12768,9841,CHIPS FIESTA SAL 350G BAR,0,0,0,0,0,0,0
2019-03-22,12768,38447,CHIPS FUEGO 100G BAR,32,0,5,0,0,0,0
2019-03-22,12768,31090,CHIPS FUEGO 170G BAR,447,231,96,0,0,0,0
2019-03-22,12768,34287,CHIPS FUEGO 245G BAR,0,0,0,0,0,0,0
2019-03-22,12768,37144,CHIPS FUEGO 350G BAR,0,0,0,0,0,0,0
2019-03-22,12768,123273,CHIPS FUEGO 42G CO2 BAR,0,0,0,0,0,0,0
2019-03-22,12768,31089,CHIPS FUEGO 46G BAR,0,0,0,0,0,0,0
2019-03-22,12768,123493,CHIPS FUEGO 50G BOLSA CO2 BAR,0,0,0,0,0,0,0
2019-03-22,12768,122930,CHIPS FUEGO 53G BAR,0,0,0,0,0,0,0
2019-03-22,12768,31088,CHIPS FUEGO 55G BAR,257,0,55,96,96,14,2
2019-03-22,12768,6011,CHIPS JALAPENO 100G BAR,56,0,3,0,0,0,0
2019-03-22,12768,800,CHIPS JALAPENO 170G BAR,537,178,60,0,0,0,0
2019-03-22,12768,34285,CHIPS JALAPENO 245G BAR,0,0,0,0,0,0,0
2019-03-22,12768,42128,CHIPS JALAPENO 46G BAR,0,0,0,0,0,0,0
2019-03-22,12768,123494,CHIPS JALAPENO 50G BOLSA CO2 BAR,0,0,0,0,0,0,0
2019-03-22,12768,122931,CHIPS JALAPENO 53G BAR,0,0,0,0,0,0,0
2019-03-22,12768,31561,CHIPS JALAPENO 60G BAR,304,134,47,0,0,0,0
2019-03-22,12768,9840,CHIPS JALAPEÑO 350G BAR,0,0,0,0,0,0,0
2019-03-22,12768,123270,CHIPS JALAPEÑO 42G CO2 BAR,0,0,0,0,0,0,0
2019-03-22,12768,9742,CHIPS LIMON 55G BAR,0,0,0,0,0,0,0
2019-03-22,12768,35942,CHIPS LIMON CORTE DELGADO 55G BAR,0,0,0,0,0,0,0
2019-03-22,12768,9645,CHIPS LIMON TRADICIONAL 100G BAR,0,0,0,0,0,0,0
2019-03-22,12768,9631,CHIPS LIMON TRADICIONAL 46G BAR,0,0,0,0,0,0,0
2019-03-22,12768,123420,CHIPS QUESO 18G CB1 BAR,0,0,0,0,0,0,0
2019-03-22,12768,123465,CHIPS QUESO 25P 18G CU BAR,0,0,0,0,0,0,0
2019-03-22,12768,123419,CHIPS QUESO 42G CB1 BAR,0,0,0,0,0,0,0
2019-03-22,12768,123529,CHIPS QUESO 50G CB1 BAR,149,0,17,0,0,0,0
2019-03-22,12768,123695,CHIPS QUESO CA 170G CB2 BAR,0,0,0,0,0,0,0
2019-03-22,12768,123418,CHIPS QUESO PLAN COMERCIAL 100G CU BAR,0,0,0,0,0,0,0
2019-03-22,12768,123417,CHIPS QUESO PLAN COMERCIAL 170G CB2 BAR,0,0,0,0,0,0,0
2019-03-22,12768,123693,CHIPS QUESO PLAN COMERCIAL 55G CB2 BAR,18,0,5,0,0,0,0
2019-03-22,12768,6012,CHIPS SAL 100G BAR,6,13,1,0,0,0,0
2019-03-22,12768,123601,CHIPS SAL 100G CU BAR,0,0,0,0,0,0,0
2019-03-22,12768,2530,CHIPS SAL 170G BAR,472,211,30,0,0,0,0
2019-03-22,12768,34286,CHIPS SAL 245G BAR,0,0,0,0,0,0,0
2019-03-22,12768,42227,CHIPS SAL 46G BAR,0,0,0,0,0,0,0
2019-03-22,12768,48600,CHIPS SAL 500G BAR,0,0,0,0,0,0,0
2019-03-22,12768,122932,CHIPS SAL 53G BAR,0,0,0,0,0,0,0
2019-03-22,12768,31562,CHIPS SAL 60G BAR,129,39,19,0,0,0,0
2019-03-22,12768,123495,CHIPS SAL DE MAR 50G BOLSA CO2 BAR,0,0,0,0,0,0,0
2019-03-22,12768,35036,CHIPS SAL DE MAR CORTE DELGADO 170G BAR,0,0,0,0,0,0,0
2019-03-22,12768,35034,CHIPS SAL DE MAR CORTE DELGADO 55G BAR,0,0,0,0,0,0,0
2019-03-22,12768,123122,CHOCOLATE EMOJI 290G CU RIC,0,0,0,0,0,0,0
2019-03-22,12768,123121,CHOCOLATE EMOJI 290G RIC,0,0,0,0,0,0,0
2019-03-22,12768,34601,CHOCORETAS 44G RIC,0,0,0,0,0,0,0
2019-03-22,12768,122886,CHOCORETAS 49G RIC,0,0,0,0,0,0,0
2019-03-22,12768,8824,CHOX POP 30G BAR,0,0,0,0,0,0,0
2019-03-22,12768,32204,CHURRITOS CHILE Y LIMON 60G AV BAR,0,0,0,0,0,0,0
2019-03-22,12768,31211,CHURRITOS CHILE Y LIMON 60G BAR,53,65,6,0,0,0,0
2019-03-22,12768,35262,CHURRITOS CHILE Y LIMON CONV 60G BAR,0,0,0,0,0,0,0
2019-03-22,12768,37987,CHURRITOS FUEGO 50G BAR,90,0,5,0,0,0,0
2019-03-22,12768,38849,CHURRITOS FUEGO CONV 50G BAR,0,0,0,0,0,0,0
2019-03-22,12768,40480,CHUTAZO BOLSA DE RESURTIDO 20P RIC,0,0,0,0,0,0,0
2019-03-22,12768,123488,CHUTAZO FRESA 20P 370G CJ CU LC,0,0,0,0,0,0,0
2019-03-22,12768,123671,CHUTAZO FRESA DET 20P 370G CJ CU LC,0,0,0,0,0,0,0
2019-03-22,12768,9568,CHUTAZO LIGAMX 1110G LC,0,0,0,0,0,0,0
2019-03-22,12768,124143,CHUTAZO MUNDIA 60P 1110G VITROLERO CU LC,0,0,0,0,0,0,0
2019-03-22,12768,124258,CLEVER ADULTO 22KG PROM CU CLE,0,0,0,0,0,0,0
2019-03-22,12768,124257,CLEVER CACHORRO 16.5KG PROM CU CLE,0,0,0,0,0,0,0
2019-03-22,12768,32766,COMBO TAMARINDO 43G VER,0,0,0,0,0,0,0
2019-03-22,12768,124068,CROCANTISSIMO QUESO CHIPOTLE 110G CU BIM,0,0,0,0,0,0,0
2019-03-22,12768,200884,CROCANTISSIMO QUESO CHIPOTLE 250G CU BIM,0,0,0,0,0,0,0
2019-03-22,12768,124069,CROCANTISSIMO QUESO JALAPENO 110G CU BIM,0,0,0,0,0,0,0
2019-03-22,12768,200883,CROCANTISSIMO QUESO JALAPENO 250G CU BIM,0,0,0,0,0,0,0
2019-03-22,12768,123433,DEGUSTACION ARELOS FUEGO 25G CB2 BAR,0,0,0,0,0,0,0
2019-03-22,12768,123434,DEGUSTACION ARELOS JALAPENO 25G CB2 BAR,0,0,0,0,0,0,0
2019-03-22,12768,123435,DEGUSTACION ARELOS QUESO 25G CB2 BAR,0,0,0,0,0,0,0
2019-03-22,12768,123528,DEGUSTACION PAPATINAS CATSUP 25G CB1 BAR,0,0,0,0,0,0,0
2019-03-22,12768,34489,DULCIGOMAS 1KG RIC,0,0,0,0,0,0,0
2019-03-22,12768,122891,DULCIGOMAS 56G RIC,0,0,0,0,0,0,0
2019-03-22,12768,1685,DUVALIN AVE/VAI DISP 18P AUTO RIC,0,0,0,0,0,0,0
2019-03-22,12768,123402,DUVALIN FRESA COCO 18P 270G DPY CU RIC,0,0,0,0,0,0,0
2019-03-22,12768,124140,EXH BON O BON LECHE PLAS 45P 675G CU ARC,28,10,0,0,0,0,0
2019-03-22,12768,123179,EXHIBIDOR BON O BON  LECHE CAFE 900G RIC,0,0,0,0,0,0,0
2019-03-22,12768,123284,EXHIBIDOR CHIPS 100G BAR,0,0,0,0,0,0,0
2019-03-22,12768,123089,EXHIBIDOR MES TAKIS 80P 5000G BAR,0,0,0,0,0,0,0
2019-03-22,12768,123783,EXHIBIDOR MIX BON O BON 45P 675G CU ARC,0,0,0,0,0,0,0
2019-03-22,12768,31844,FRUTIGOMAS ENCHILADAS 32P 100G RIC,0,0,0,0,0,0,0
2019-03-22,12768,30714,FRUTIGOMAS ENCHILADAS 40.5G TIRA RIC,0,0,0,0,0,0,0
2019-03-22,12768,9274,FUEGO POP DET 23G BAR,70,35,3,0,0,0,0
2019-03-22,12768,124042,GLORIAS 10P 200G CTR COR,0,0,1,1,1,0,0
2019-03-22,12768,38436,GOLDEN NUT ENCHILADO 80G BAR,0,0,0,0,0,0,0
2019-03-22,12768,38582,GOLDEN NUTS ENCHILADO 100G C3H BAR,0,0,5,5,5,0,0
2019-03-22,12768,123594,GOLDEN NUTS ENCHILADO 40G BOLSA C3H BAR,80,11,1,0,0,0,0
2019-03-22,12768,38581,GOLDEN NUTS ENCHILADO 43G C3H BAR,0,0,0,0,0,0,0
2019-03-22,12768,123310,GOLDEN NUTS ENCHILADO PLAN COMERCIAL 150G BAR,217,0,5,0,0,0,0
2019-03-22,12768,38583,GOLDEN NUTS ENCHILADOS 190G C3H BAR,0,0,0,0,0,0,0
2019-03-22,12768,122863,GOLDEN NUTS ESPANOL 40G BAR,0,0,0,0,0,0,0
2019-03-22,12768,123077,GOLDEN NUTS JALAPENO 40G BAR,0,0,0,0,0,0,0
2019-03-22,12768,38591,GOLDEN NUTS JAPONES 100G C3H BAR,0,0,0,0,0,0,0
2019-03-22,12768,38586,GOLDEN NUTS JAPONES 190G C3H BAR,0,0,0,0,0,0,0
2019-03-22,12768,38585,GOLDEN NUTS SALADO 100G C3H BAR,0,0,5,5,5,0,0
2019-03-22,12768,38584,GOLDEN NUTS SALADO 190G C3H BAR,0,0,0,0,0,0,0
2019-03-22,12768,123595,GOLDEN NUTS SALADO 40G BOLSA C3H BAR,2,0,2,14,14,1,0
2019-03-22,12768,38580,GOLDEN NUTS SALADO 43G C3H BAR,0,0,0,0,0,0,0
2019-03-22,12768,39160,GOLDEN NUTS SALADO 80G BAR,0,0,0,0,0,0,0
2019-03-22,12768,123308,GOLDEN NUTS SALADO PLAN COMERCIAL 150G BAR,243,0,5,0,0,0,0
2019-03-22,12768,6820,GOLDEN NUTS SEMILLA 20G BAR,0,3,0,0,0,0,0
2019-03-22,12768,9017,GOLDEN NUTS SEMILLA 28G BAR,0,0,0,1,1,0,0
2019-03-22,12768,7796,GOLDEN NUTS SEMILLAS 60G BAR,9,1,3,8,8,1,0
2019-03-22,12768,38579,GOLDEN NUTS SURTIDO SELECTO 190G C3H BAR,0,0,0,0,0,0,0
2019-03-22,12768,38611,GOLDEN NUTS SURTIDO SELECTO 40G C3H BAR,0,1,0,0,0,0,0
2019-03-22,12768,8363,GOMAS SONRISAS PAYASO 45G RIC,0,0,0,0,0,0,0
2019-03-22,12768,122969,GOMILOCAS CARITAS 50G RIC,0,0,0,0,0,0,0
2019-03-22,12768,122972,GOMILOCAS CARITAS CA 70G RIC,0,0,0,0,0,0,0
2019-03-22,12768,123123,GOMILOCAS CARITAS PLAN COMERCIAL 70G RIC,0,0,0,0,0,0,0
2019-03-22,12768,122970,GOMILOCAS CHANGUITOS 50G RIC,0,0,0,0,0,0,0
2019-03-22,12768,122973,GOMILOCAS CHANGUITOS CA 70G RIC,0,0,0,0,0,0,0
2019-03-22,12768,123117,GOMILOCAS CHANGUITOS PLAN COMERCIAL 70G RIC,0,0,0,0,0,0,0
2019-03-22,12768,44847,GOMILOCAS CHESKITOS 45G RIC,0,0,0,0,0,0,0
2019-03-22,12768,122892,GOMILOCAS DIENTES 50G RIC,0,0,0,0,0,0,0
2019-03-22,12768,7731,GOMILOCAS DIENTES TIRA 5P 45G RIC,0,0,0,0,0,0,0
2019-03-22,12768,9860,GOMILOCAS HALLOWEEN 45G RIC,0,0,0,0,0,0,0
2019-03-22,12768,122998,GOMILOCAS HALLOWEEN 50G RIC,0,0,0,0,0,0,0
2019-03-22,12768,122815,GOMILOCAS HALLOWEEN 90G RIC,0,0,0,0,0,0,0
2019-03-22,12768,30718,GOMILOCAS HAMBURGUESAS 45G RIC,0,0,0,0,0,0,0
2019-03-22,12768,122894,GOMILOCAS HAMBURGUESAS 50G RIC,0,0,0,0,0,0,0
2019-03-22,12768,7140,GOMILOCAS HUEVITOS 45G RIC,0,0,0,0,0,0,0
2019-03-22,12768,123645,GOMILOCAS JL MIX 1 1P 60G BOLSA CTR RIC,0,0,0,0,0,0,0
2019-03-22,12768,123647,GOMILOCAS JL MIX 1 1P 70G BOLSA CTR RIC,0,0,0,0,0,0,0
2019-03-22,12768,123646,GOMILOCAS JL MIX 2 1P 60G BOLSA CTR RIC,0,0,0,0,0,0,0
2019-03-22,12768,123648,GOMILOCAS JL MIX 2 1P 70G BOLSA CTR RIC,0,0,0,0,0,0,0
2019-03-22,12768,7141,GOMILOCAS PATAS DE POLLO 42G RIC,0,0,0,0,0,0,0
2019-03-22,12768,122821,GOMILOCAS PETS 45G TIRA RIC,0,0,0,0,0,0,0
2019-03-22,12768,122822,GOMILOCAS PETS CM 45G RIC,0,0,0,0,0,0,0
2019-03-22,12768,42530,GOMILOCAS PINGUINOS 45G RIC,0,0,0,0,0,0,0
2019-03-22,12768,122893,GOMILOCAS PINGUINOS 50G RIC,0,0,0,0,0,0,0
2019-03-22,12768,122971,GOMILOCAS SENAS 50G RIC,0,0,0,0,0,0,0
2019-03-22,12768,122974,GOMILOCAS SENAS CA 70G RIC,0,0,0,0,0,0,0
2019-03-22,12768,123124,GOMILOCAS SENAS PLAN COMERCIAL 70G RIC,0,0,0,0,0,0,0
2019-03-22,12768,49680,GOMITA MANITA VERTICAL 45G VER,0,0,0,0,0,0,0
2019-03-22,12768,49710,GOMITA TARRITO VERTICAL 45G VER,0,0,0,0,0,0,0
2019-03-22,12768,124159,GORIMOKOS 10P 20G TIRA CU VER,0,0,0,0,0,0,0
2019-03-22,12768,124497,GORIMOKOS PLAN COMERCIAL 10P 20G TIRA CU VER,64,0,1,0,0,0,0
2019-03-22,12768,124079,HABANERA ROJA 24P 150MLG CU BAR,0,0,0,0,0,0,0
2019-03-22,12768,124080,HABANERA VERDE 24P 150MLG CU BAR,0,0,0,0,0,0,0
2019-03-22,12768,122814,HALLOWEEN OJOS CHOC 20P 290G RIC,0,0,0,0,0,0,0
2019-03-22,12768,124077,HOT BULL 24P 165 MLG CU BAR,0,0,0,0,0,0,0
2019-03-22,12768,123003,HOT NUTS 110G C3H BAR,0,0,0,0,0,0,0
2019-03-22,12768,42057,HOT NUTS 190G BAR,0,0,0,0,0,0,0
2019-03-22,12768,9734,HOT NUTS CHIPOTLE 190G BAR,0,0,0,0,0,0,0
2019-03-22,12768,9733,HOT NUTS CHIPOTLE 50G BAR,0,0,0,0,0,0,0
2019-03-22,12768,124048,HOT NUTS CORN 45G TIRA C3H BAR,0,0,0,0,0,0,0
2019-03-22,12768,124110,HOT NUTS CORN PLAN COMERCIAL 45G BOLSA C3H BAR,0,0,0,0,0,0,0
2019-03-22,12768,38613,HOT NUTS EUPHORIA 50G C3H BAR,0,0,0,0,0,0,0
2019-03-22,12768,38587,HOT NUTS FUEGO 50G C3H BAR,15,0,6,45,45,5,0
2019-03-22,12768,124096,HOT NUTS FUEGO 80G BOLSA CH BAR,0,0,4,25,25,2,0
2019-03-22,12768,122909,HOT NUTS HABANERO CNV 50G BAR,0,0,0,0,0,0,0
2019-03-22,12768,122910,HOT NUTS HABANERO DET 50G BAR,0,0,0,0,0,0,0
2019-03-22,12768,122907,HOT NUTS HABANERO PLAN COMERCIAL 100G BAR,0,0,0,0,0,0,0
2019-03-22,12768,122908,HOT NUTS HABANERO PLAN COMERCIAL 190G BAR,0,0,0,0,0,0,0
2019-03-22,12768,123263,HOT NUTS MANGOCHILE 45G BAR,0,0,0,0,0,0,0
2019-03-22,12768,38612,HOT NUTS MULTINTENSO 100G C3H BAR,48,141,22,0,0,0,0
2019-03-22,12768,38590,HOT NUTS MULTINTENSO 50G C3H BAR,253,386,18,0,0,0,0
2019-03-22,12768,38242,HOT NUTS MULTINTENSO 80G TUBO BAR,6,256,4,0,0,0,0
2019-03-22,12768,123316,HOT NUTS PLAN COMERCIAL 200G BAR,30,0,7,0,0,0,0
2019-03-22,12768,1771,HUEVITO PINTO CHOCO 1000G LC,0,0,0,0,0,0,0
2019-03-22,12768,1813,HUEVITO PINTO CHOCO 500G LC,0,0,0,0,0,0,0
2019-03-22,12768,9784,KARAMELADAS 120G BAR,52,68,8,0,0,0,0
2019-03-22,12768,6444,KARAMELADAS 260G BAR,23,0,9,16,16,2,0
2019-03-22,12768,36014,KARAMELADAS 27G BAR,0,0,0,0,0,0,0
2019-03-22,12768,123852,KARAMELADAS CUEXH 260G BOLSA CU BAR,0,0,0,0,0,0,0
2019-03-22,12768,45973,KARAMELADAS POP 119G BAR,119,0,24,45,45,6,1
2019-03-22,12768,46842,KARAMELADAS POP 50G BAR,127,145,29,0,0,0,0
2019-03-22,12768,49054,KIMONO 12P 36G BAR,0,0,0,0,0,0,0
2019-03-22,12768,122831,KIMONO 28P 36G CJ BAR,0,0,0,0,0,0,0
2019-03-22,12768,124105,KIT SACHETS 8P 200ML ME CU BAR,0,0,0,0,0,0,0
2019-03-22,12768,38589,KIYAKIS 150G C3H BAR,0,0,0,0,0,0,0
2019-03-22,12768,7923,KIYAKIS 45G BAR,0,0,0,0,0,0,0
2019-03-22,12768,38588,KIYAKIS 50G C3H BAR,0,0,0,0,0,0,0
2019-03-22,12768,38614,KIYAKIS 80G C3H BAR,0,0,0,0,0,0,0
2019-03-22,12768,9738,KIYAKIS LIMON 150G BAR,0,0,0,0,0,0,0
2019-03-22,12768,7785,KIYAKIS LIMON 45G BAR,0,0,0,0,0,0,0
2019-03-22,12768,124052,KIYAKIS SALSA NEGRA 45G BOLSA C3H BAR,0,0,1,1,1,0,0
2019-03-22,12768,7814,KRANKY 40G RIC,0,0,0,0,0,0,0
2019-03-22,12768,122887,KRANKY 45G RIC,0,0,0,0,0,0,0
2019-03-22,12768,34389,KRANKY BARRA CHOC ARROZ INFLADO 38G RIC,0,0,0,0,0,0,0
2019-03-22,12768,37126,KRANKY DARK 6P 40G TIRA RIC,0,0,0,0,0,0,0
2019-03-22,12768,8057,KRANKY DARK VERTICAL 70G RIC,0,0,0,0,0,0,0
2019-03-22,12768,123033,KRANKY DARK VERTICAL CA 70G RIC,0,0,0,0,0,0,0
2019-03-22,12768,49991,KRANKY FROST 6P 40G TIRA RIC,0,0,0,0,0,0,0
2019-03-22,12768,70383,KRANKY FROST HORIZONTAL 40G RIC,0,0,0,0,0,0,0
2019-03-22,12768,49995,KRANKY FROST VERTICAL 70G RIC,0,0,0,0,0,0,0
2019-03-22,12768,39033,LUNETAS CHOCOLATE 30G RIC,0,0,0,0,0,0,0
2019-03-22,12768,37448,MINI CHIPS JALAPENO 25P 450G BAR,0,0,0,0,0,0,0
2019-03-22,12768,37449,MINI CHIPS SAL 25P 450G BAR,0,0,0,0,0,0,0
2019-03-22,12768,123907,MINI ESFERA 95.5G BOL CU RIC,0,0,0,0,0,0,0
2019-03-22,12768,42504,MINI RUNNERS 35G BAR,0,0,0,0,0,0,0
2019-03-22,12768,123290,MINI RUNNERS TUBO 90G BAR,0,0,0,0,0,0,0
2019-03-22,12768,123087,MINI TAKIS COBRA 35G BAR,0,0,0,0,0,0,0
2019-03-22,12768,123629,MINI TAKIS MIX 25P 875G BOLSA CU BAR,0,0,0,0,0,0,0
2019-03-22,12768,122916,MIX PIKAROS SANDIA/PINA 30P 360G CJ RIC,0,0,0,0,0,0,0
2019-03-22,12768,124347,MONEDAS AAA 100P 400G BOLSA CTR LC,0,0,0,0,0,0,0
2019-03-22,12768,124197,MONEDAS AAA 56P 224G BLISTER CU LC,0,0,0,0,0,0,0
2019-03-22,12768,9317,MONEDAS CHOCOLATE DISTROLLER 180G LC,0,0,0,0,0,0,0
2019-03-22,12768,122878,MONEDAS NAVIDENAS 180G RIC,0,0,0,0,0,0,0
2019-03-22,12768,123091,MONEDAS NAVIDENAS NVO 180G RIC,0,0,0,0,0,0,0
2019-03-22,12768,40484,MONEDAS RICOLINO BOLSA RESURTIDO 100P LC,0,0,0,0,0,0,0
2019-03-22,12768,37274,MONSTER RUNNERS 25G BAR,0,0,0,0,0,0,0
2019-03-22,12768,37746,MORITAS 48G RIC,0,0,0,0,0,0,0
2019-03-22,12768,122889,MORITAS 56G RIC,0,0,0,0,0,0,0
2019-03-22,12768,124047,MUEST HOT NUTS CORN 45G BOLSA C3H BAR,0,0,0,0,0,0,0
2019-03-22,12768,124053,MUEST KIYAKI SALSA NGR 45G BOLSA C3H BAR,0,0,0,0,0,0,0
2019-03-22,12768,123443,MUESTREO HOT NUTS MANGOCHILE 45G C3H BAR,0,0,0,0,0,0,0
2019-03-22,12768,124039,MUSHIS 6P 65G BOLSA CU RIC,0,0,0,0,0,0,0
2019-03-22,12768,8825,OBLEAS TIRA 10P COR,0,0,0,0,0,0,0
2019-03-22,12768,9761,PALE LOB TEMPORALIDAD 18P 20G CJ LC,0,0,0,0,0,0,0
2019-03-22,12768,33461,PALETA BOMBA CON CHILE 48P 15G VER,0,0,0,0,0,0,0
2019-03-22,12768,33203,PALETA CUPIDO 1P 16G DPY VER,0,0,0,0,0,0,0
2019-03-22,12768,33612,PALETA CUPIDO CHAMOY 40P 16G VER,0,0,0,0,0,0,0
2019-03-22,12768,33519,PALETA CUPIDO FRESA CEREZA 40P 16G VER,0,0,0,0,0,0,0
2019-03-22,12768,37717,PALETA ELOTE 16G VER,0,0,0,0,0,0,0
2019-03-22,12768,33202,PALETA ELOTE 1P 16G DPY VER,0,0,0,0,0,0,0
2019-03-22,12768,35446,PALETA ELOTE KAMIKAZE 1P 24G VER,0,0,0,0,0,0,0
2019-03-22,12768,122959,PALETA MALVAVISCO EMOJI CA 1P 45G RIC,0,0,0,0,0,0,0
2019-03-22,12768,123118,PALETA MALVAVISCO EMOJI PLAN COMERCIAL 1P 45G RIC,0,0,0,0,0,0,0
2019-03-22,12768,123672,PALETA MALVAVISCO JL 10P 47G CJ CU RIC,0,0,0,0,0,0,0
2019-03-22,12768,123673,PALETA MALVAVISCO JL 10P 47G CJ CU RIC,0,0,0,0,0,0,0
2019-03-22,12768,123737,PALETA MALVAVISCO JL 24P 1128G CJ CU RIC,0,0,0,0,0,0,0
2019-03-22,12768,49678,PALETA MALVAVISCO MASCOTAS 1P 47G RIC,0,0,0,0,0,0,0
2019-03-22,12768,36074,PALETA MANGO C/CHILE 16G DPY VER,0,0,0,0,0,0,0
2019-03-22,12768,33561,PALETA MANITA SUERTE 10P 160G VER,0,0,0,0,0,0,0
2019-03-22,12768,124305,PALETA PAYASO 45G PROMO TAKIS CU RIC,0,0,0,0,0,0,0
2019-03-22,12768,42455,PALETA PAYASO CONV PROM 47G RIC,0,0,0,0,0,0,0
2019-03-22,12768,9596,PALETA PAYASO NAVIDAD 45G RIC,0,0,0,0,0,0,0
2019-03-22,12768,37606,PALETA PAYASO PROM 47G RIC,0,0,0,0,0,0,0
2019-03-22,12768,33091,PALETA PAYASUSTO 45G RIC,0,0,0,0,0,0,0
2019-03-22,12768,33386,PALETA SEMAFORO 18P 16G VER,0,0,0,0,0,0,0
2019-03-22,12768,37901,PALETA TAKIS 1P 24G VER,0,0,0,0,0,0,0
2019-03-22,12768,33562,PALETA TARRITO 10P 160G VER,0,0,0,0,0,0,0
2019-03-22,12768,36073,PALETA TARRITO 1P 16G DPY VER,0,0,0,0,0,0,0
2019-03-22,12768,33421,PALETA TRABALENGUAS 40P 16G VER,0,0,0,0,0,0,0
2019-03-22,12768,34607,PALETA TRABALENGUAS 80P 16G VER,0,0,0,0,0,0,0
2019-03-22,12768,44858,PALETON BOLSA RELLENO 20P COR,0,0,0,0,0,0,0
2019-03-22,12768,122890,PANDITAS 57.5G RIC,0,0,0,0,0,0,0
2019-03-22,12768,122903,PANDITAS ACIDITOS 57.5G RIC,0,0,0,0,0,0,0
2019-03-22,12768,8954,PANDITAS ACIDITOS VERTICAL 45G RIC,0,0,0,0,0,0,0
2019-03-22,12768,2410,PANDITAS ACIDOS CA 70G BOLSA CU RIC,0,0,0,0,0,0,0
2019-03-22,12768,123445,PANDITAS CLASICOS CA 150G CR RIC,0,0,0,0,0,0,0
2019-03-22,12768,2383,PANDITAS CLASICOS CA 70G BOLSA CU RIC,0,0,0,0,0,0,0
2019-03-22,12768,9790,PANDITAS CORAZON 115G RIC,0,0,0,0,0,0,0
2019-03-22,12768,123281,PANDITAS CORAZON 300G CU RIC,0,0,0,0,0,0,0
2019-03-22,12768,123119,PANDITAS CORAZON 300G RIC,0,0,0,0,0,0,0
2019-03-22,12768,123120,PANDITAS CORAZON 57.5G RIC,0,0,0,0,0,0,0
2019-03-22,12768,123432,PANDITAS ENCHILADOS 25P 15G ME CU RIC,0,0,0,0,0,0,0
2019-03-22,12768,7734,PANDITAS GRANEL 1KG RIC,0,0,0,0,0,0,0
2019-03-22,12768,122883,PANDITAS NAVIDAD 115G RIC,0,0,0,0,0,0,0
2019-03-22,12768,123024,PANDITAS NAVIDAD 57.5G RIC,0,0,0,0,0,0,0
2019-03-22,12768,124124,PANDITAS POING MUND CNV 60G BOLSA CU RIC,0,0,0,0,0,0,0
2019-03-22,12768,124125,PANDITAS POING MUNDIAL 60G TIRA CTR RIC,0,0,0,0,0,0,0
2019-03-22,12768,123305,PANDITAS POING POING JL1 DET 60G RIC,0,0,0,0,0,0,0
2019-03-22,12768,9810,PANDITAS POING POING JL1 PLAN COMERCIAL 60G RIC,0,0,0,0,0,0,0
2019-03-22,12768,123306,PANDITAS POING POING JL2 DET 60G RIC,0,0,0,0,0,0,0
2019-03-22,12768,9801,PANDITAS POING POING JL2 PLAN COMERCIAL 60G RIC,0,0,0,0,0,0,0
2019-03-22,12768,123022,PANDITAS RELLENOS CHAMOY 54G RIC,0,0,0,0,0,0,0
2019-03-22,12768,124283,PANDITAS RELLENOS MANG PLAN COMERCIAL 66G BOL CU RIC,0,0,0,0,0,0,0
2019-03-22,12768,124282,PANDITAS RELLENOS MANGO 60G BOLSA CU RIC,0,0,0,0,0,0,0
2019-03-22,12768,122904,PANDITAS ROJOS 57.5G RIC,0,0,0,0,0,0,0
2019-03-22,12768,34978,PANDITAS SOLO ROJOS 50G RIC,0,0,0,0,0,0,0
2019-03-22,12768,34436,PANDITAS SUAVES TROPICALES 50G RIC,0,0,0,0,0,0,0
2019-03-22,12768,123141,PAPAS TOREADAS 100G BAR,7,0,2,12,12,0,0
2019-03-22,12768,123456,PAPATINAS CATSUP 25G CB1 BAR,0,0,0,0,0,0,0
2019-03-22,12768,45238,PAPATINAS CHILIX  25G TIRA 8 P BAR,33,94,8,0,0,0,0
2019-03-22,12768,34200,PAPATINAS CHILIX 50G BAR,0,0,0,0,0,0,0
2019-03-22,12768,123706,PAPATINAS CHILIX 90G CB2 BAR,38,40,7,0,0,0,0
2019-03-22,12768,8990,PAPATINAS FUEGO 25G BAR,34,55,5,0,0,0,0
2019-03-22,12768,38117,PAQUETE HALLOWEEN 1.8KG RIC,0,0,0,0,0,0,0
2019-03-22,12768,36350,PASITAS 10PLAN COMERCIALT MAS 44G RIC,0,0,0,0,0,0,0
2019-03-22,12768,122888,PASITAS CHOCOLATE 53G RIC,0,0,0,0,0,0,0
2019-03-22,12768,34605,PASITAS HORIZONTAL 44G RIC,0,0,0,0,0,0,0
2019-03-22,12768,31404,PECOSITAS 60P 12.5G TRI RIC,0,0,0,0,0,0,0
2019-03-22,12768,9625,PECOSITAS 70P 12.5G RIC,0,0,0,0,0,0,0
2019-03-22,12768,124116,PECOSITAS VASO MUNDIAL 686G MP CTR RIC,0,0,0,0,0,0,0
2019-03-22,12768,122918,PIKAROS MANGO 30P 495G RIC,0,0,0,0,0,0,0
2019-03-22,12768,123264,POP CINEMANIA 35G CB2 BAR,49,0,3,0,0,0,0
2019-03-22,12768,124293,POP CINEMANIA CNV 35G CB2 BAR,0,0,0,0,0,0,0
2019-03-22,12768,123626,POP FUEGO 23G CU BAR,0,0,0,0,0,0,0
2019-03-22,12768,123560,POP JAL/CHED 2.64OZ 75G CU BAR,0,0,0,0,0,0,0
2019-03-22,12768,7909,POP MANGO CHILE 50G BAR,0,0,0,0,0,0,0
2019-03-22,12768,123681,POP MANZANA VERDE LJ 15G CB1 BAR,0,0,0,0,0,0,0
2019-03-22,12768,123722,POP MORA LJ 40G CB1 BAR,0,0,0,0,0,0,0
2019-03-22,12768,123682,POP TAMARINDO LJ 15G CB1 BAR,0,0,0,0,0,0,0
2019-03-22,12768,124175,RELLERINDO MANGO 30P 11G BOLSA CU VER,13,0,0,0,0,0,0
2019-03-22,12768,123293,RELLERINDOS SANDIA CHAMOY 30P VER,0,0,0,0,0,0,0
2019-03-22,12768,42126,RUNNERS 200G BAR,2,0,1,0,0,0,0
2019-03-22,12768,197934,RUNNERS 280 GR TRANSFERENCIA,0,0,0,0,0,0,0
2019-03-22,12768,2261,RUNNERS 58G BAR,0,0,0,0,0,0,0
2019-03-22,12768,123110,RUNNERS 58G CO2 BAR,0,0,0,0,0,0,0
2019-03-22,12768,31810,RUNNERS 90G BAR,32,10,6,0,0,0,0
2019-03-22,12768,122900,RUNNERS CHAMOY 58G BAR,0,0,0,0,0,0,0
2019-03-22,12768,123032,RUNNERS CHAMOY PLAN COMERCIAL 58G BAR,0,0,0,0,0,0,0
2019-03-22,12768,123258,RUNNERS PLAN COMERCIAL 280G BAR,0,0,0,0,0,0,0
2019-03-22,12768,124082,RUNNERS XTREME 58G CB1 BAR,0,0,0,0,0,0,0
2019-03-22,12768,123807,RUNNERS XTREME 58G TIRA CB1 BAR,0,0,0,0,0,0,0
2019-03-22,12768,9093,SACHET CAJETITA 35G COR,0,0,0,0,0,0,0
2019-03-22,12768,39109,SEMILLAS BIG MIX PARTY 100G BAR,10,0,2,0,0,0,0
2019-03-22,12768,123237,SNAPS CHEDDAR BLANCO CA 140G CB3 BAR,0,0,0,0,0,0,0
2019-03-22,12768,123238,SNAPS CHEDDAR BLANCO PLAN COMERCIAL 140G CB3 BAR,0,0,0,0,0,0,0
2019-03-22,12768,123240,SNAPS CHILE Y ESPECIAS PLAN COMERCIAL 140G CB3 BAR,0,0,0,0,0,0,0
2019-03-22,12768,123799,SNAPS ESQUITES 50G CB2 BAR,0,0,0,0,0,0,0
2019-03-22,12768,123236,SNAPS ESQUITES PLAN COMERCIAL 110G CB3 BAR,0,0,0,0,0,0,0
2019-03-22,12768,123242,SNAPS PIMIENTA SAL/MAR PLAN COMERCIAL 110G CB3 BAR,0,0,0,0,0,0,0
2019-03-22,12768,123789,SNAPS QUESO CHEDDAR 50G CB2 BAR,0,0,0,0,0,0,0
2019-03-22,12768,123530,SODA POP 48P 14G CU BAR,0,0,0,0,0,0,0
2019-03-22,12768,30301,SPIRRONES 100G BAR,57,16,7,0,0,0,0
2019-03-22,12768,123698,SPIRRONES 105G BOLSA CB2 BAR,10,5,2,0,0,0,0
2019-03-22,12768,35239,SPIRRONES 25G CB2 BAR,0,56,1,0,0,0,0
2019-03-22,12768,31861,SPIRRONES 25G CU BAR,0,0,0,0,0,0,0
2019-03-22,12768,31633,SPIRRONES 38G BAR,0,0,0,0,0,0,0
2019-03-22,12768,123699,SPIRRONES 60G BOLSA CB2 BAR,49,20,8,0,0,0,0
2019-03-22,12768,49724,STAR GUM FRESA 8G SKD,0,0,0,0,0,0,0
2019-03-22,12768,123533,SUSHITLAN 68G BOLSA CU VER,0,0,0,0,0,0,0
2019-03-22,12768,42124,TAKIS 190G BAR,1,0,1,0,0,0,0
2019-03-22,12768,122912,TAKIS COBRA 62G BAR,0,0,0,0,0,0,0
2019-03-22,12768,123628,TAKIS COBRA CNV 62G CB1 BAR,0,0,0,0,0,0,0
2019-03-22,12768,6437,TAKIS FAJITAS 62G BAR,0,0,0,0,0,0,0
2019-03-22,12768,31809,TAKIS FAJITAS 90G BAR,48,0,19,58,58,8,1
2019-03-22,12768,123256,TAKIS FAJITAS PLAN COMERCIAL 280G BAR,0,0,0,0,0,0,0
2019-03-22,12768,122981,TAKIS FUEGO 120G BAR,0,0,0,0,0,0,0
2019-03-22,12768,42458,TAKIS FUEGO 190G BAR,28,49,7,0,0,0,0
2019-03-22,12768,124351,TAKIS FUEGO 190G CB2 BAR,0,0,0,0,0,0,0
2019-03-22,12768,197933,TAKIS FUEGO 280 GR TRANSFERENCIA,0,0,0,0,0,0,0
2019-03-22,12768,123460,TAKIS FUEGO 280G CU BAR,120,0,23,4,4,0,0
2019-03-22,12768,42453,TAKIS FUEGO 62G BAR,0,0,0,0,0,0,0
2019-03-22,12768,123109,TAKIS FUEGO 62G CO2 BAR,0,0,0,0,0,0,0
2019-03-22,12768,124289,TAKIS FUEGO 62G PROM CO2 BAR,0,0,0,0,0,0,0
2019-03-22,12768,196448,TAKIS FUEGO 700GR TRANSFERENCIA,0,0,0,0,0,0,0
2019-03-22,12768,123052,TAKIS FUEGO 80G BAR,0,0,0,0,0,0,0
2019-03-22,12768,31808,TAKIS FUEGO 90G BAR,249,7,52,103,103,15,2
2019-03-22,12768,123254,TAKIS FUEGO PLAN COMERCIAL 280G BAR,0,0,0,0,0,0,0
2019-03-22,12768,123158,TAKIS HUAKAMOLE 80G BAR,0,0,0,0,0,0,0
2019-03-22,12768,4828,TAKIS HUAKAMOLES 62G BAR,0,0,0,0,0,0,0
2019-03-22,12768,9754,TAKIS LIMON 62G BAR,0,0,0,0,0,0,0
2019-03-22,12768,8803,TAKIS LIMON CM 62G BAR,0,0,0,0,0,0,0
2019-03-22,12768,123051,TAKIS ORIGINAL 80G BAR,0,0,0,0,0,0,0
2019-03-22,12768,6555,TAKIS SALSA BRAVA 62G BAR,0,0,0,0,0,0,0
2019-03-22,12768,123159,TAKIS SALSA BRAVA 80G BAR,0,0,0,0,0,0,0
2019-03-22,12768,123937,TAKIS ZOMBIE 62G TIRA CB1 BAR,0,0,0,0,0,0,0
2019-03-22,12768,123923,TAKIS ZOMBIE CA 120G CU BAR,0,0,0,0,0,0,0
2019-03-22,12768,123922,TAKIS ZOMBIE DEGUSTACION 35G CB1 BAR,0,0,0,0,0,0,0
2019-03-22,12768,123925,TAKIS ZOMBIE PLAN COMERCIAL 62G CB1 BAR,0,0,0,0,0,0,0
2019-03-22,12768,123325,TIRA MIXTA ARELOS 6P 25G TIRA CB2 BAR,0,0,0,0,0,0,0
2019-03-22,12768,124292,TOREADAS 10PLAN COMERCIALT MAS 44G CB1 BAR,0,0,0,0,0,0,0
2019-03-22,12768,9488,TOREADAS HABANERO 170G BAR,7,78,1,0,0,0,0
2019-03-22,12768,42158,TOREADAS HABANERO 40G BAR,33,408,15,0,0,0,0
2019-03-22,12768,31702,TOREADAS HABANERO 55G BAR,47,17,9,0,0,0,0
2019-03-22,12768,35370,TOREADAS HABANERO 8P 40G TIRA BAR,0,0,0,0,0,0,0
2019-03-22,12768,6420,TORTILLA NACHOS 3PQ 1KG BAR,747,14,75,0,0,0,0
2019-03-22,12768,124349,TOSTACHOS 75G PROMO CB2 BAR,0,0,0,0,0,0,0
2019-03-22,12768,9786,TOSTACHOS GUACAMOLE 170G BAR,0,0,0,0,0,0,0
2019-03-22,12768,32426,TOSTACHOS MONCHIS 75G TIRA BAR,0,0,0,0,0,0,0
2019-03-22,12768,6476,TOSTACHOS QUESO CB1 70G BAR,137,273,20,0,0,0,0
2019-03-22,12768,9686,TOSTACHOS QUESO JALAPENO 170G BAR,0,0,0,0,0,0,0
2019-03-22,12768,201130,TOTOPOS HABANERO 200G BOLSA CU DH,0,0,0,0,0,0,0
2019-03-22,12768,200829,TOTOPOS HABANERO 62G BOLSA CU DH,0,0,0,0,0,0,0
2019-03-22,12768,123535,TOTOPOS MI TIERRA 310G CB2 BAR,0,10,1,0,0,0,0
2019-03-22,12768,122957,TUBO MINI TAKIS 77G BAR,0,0,0,0,0,0,0
2019-03-22,12768,48205,VALENTONES 175G SP BAR,49,233,8,0,0,0,0
2019-03-22,12768,122828,VASO PECOSERO 70P 12.5G PROM RIC,0,0,0,0,0,0,0
2019-03-22,12768,123797,WATZ MIXTA 35G TIRA CB1 BAR,0,0,1,1,1,0,0
2019-03-22,12768,123795,WATZ POKLE 35G BOLSA CB1 BAR,0,0,0,0,0,0,0
2019-03-22,12768,123793,WATZ TORNADO 35G BOLSA CB1 BAR,0,0,0,0,0,0,0
2019-03-22,12768,123791,WATZ VOLTIO 35G BOLSA CB1 BAR,0,0,0,0,0,0,0
2019-03-22,12768,123468,WUARACHE 48P 14G CU VER,0,0,0,0,0,0,0
2019-03-22,12768,34162,Gomas Peach Rings Granel 1kg RIC,0,0,0,0,0,0,0
2019-03-22,12768,34168,Gomas Gusanos Bicolor Granel 1kg RIC,0,0,0,0,0,0,0
2019-03-22,12768,123165,Papatinas Chilix PC 250g BAR,0,0,0,0,0,0,0
2019-03-22,12768,124240,Chips Sal de Mar 46g CT1 BAR,128,164,124,412,412,59,5
2019-03-22,12768,124241,Chips Fuego 46g CT1 BAR,792,91,191,805,805,9,9
2019-03-22,12768,124244,Chips Jalapeno 46g CT1 BAR,1200,728,153,0,0,0,0
2019-03-22,12768,124242,Chips a la Diabla 46g CT1 BAR,148,38,37,0,0,0,0
2019-03-22,12768,124245,Chips Adobadas 46g CT1 BAR,132,149,45,0,0,0,0
2019-03-22,12768,124368,Chips Queso 46g CT1 BAR,0,134,0,0,0,0,0
2019-03-22,12768,123745,Takis Cobra Pc 190g Bolsa CU BAR,0,0,0,0,0,0,0
2019-03-22,12768,124381,Chips Fuego 42g CT1 BAR,116,7,14,0,0,0,0
2019-03-22,12768,124382,Chips Jalapeno 42g CT1 BAR,56,44,13,18,18,0,0
2019-03-22,12768,124383,Chips Sal 42g CT1 BAR,83,20,7,0,0,0,0
2019-03-22,12768,124447,Kiyakis Nvo PC 150g C3H BAR,0,0,0,0,0,0,0
2019-03-22,12768,124440,Golden Nuts Japones Nvo PC 100g C3H BAR,0,0,4,4,4,0,0
2019-03-22,12768,124445,Kiyakis Nvo PC 95g C3H BAR,7,46,2,0,0,0,0
2019-03-22,12768,124239,Takis Fuego 56g CT1 BAR,1339,273,156,0,0,0,0
2019-03-22,12768,124357,Takis Cobra 56g CT1 BAR,0,0,17,18,18,3,0
2019-03-22,12768,124358,Takis Fajita 56g CT1 BAR,272,20,47,117,117,2,1
2019-03-22,12768,124359,Takis Huakamole 56g CT1 BAR,160,12,20,0,0,0,0
2019-03-22,12768,124243,Runners 58g CT1 BAR,274,0,107,635,635,7,7
2019-03-22,12768,124360,Takis Salsa Brava 56g CT1 BAR,96,0,16,45,45,1,0
2019-03-22,12768,124426,Golden Nuts Salados 60g C3H BAR,16,85,1,0,0,0,0
2019-03-22,12768,124427,Golden Nuts Enchilado 60g C3H BAR,46,0,1,0,0,0,0
2019-03-22,12768,124430,Kiyakis 75g C3H BAR,0,0,0,0,0,0,0
2019-03-22,12768,124443,Kiyakis Nvo PC 50g C3H BAR,17,122,5,0,0,0,0
2019-03-22,12768,123743,Takis Cobra Pc 280g Bolsa CU BAR,0,0,0,0,0,0,0
2019-03-22,12768,124442,Golden Nuts Japones Nvo PC 190g C3H BAR,0,0,0,0,0,0,0
