product_id,product_name
29558,Apanadura Dorada 150g SUP
29537,Pan Dulce 16p 500g Dpy BIM_29537
48948,Rayita Vainilla Chocolate 50g BIM_48948
536,Panquecito 50g tira BIM_133
29558,Apanadura Dorada 150g SUP
39724,Tortillinas Integrales 10p 250g BIM_39724
29554,Tostadas Integrales 16p 100g GRI
45272,Hot Dog Gourmet 12p 890g EUR_4531
40949,Rosquitas Integrales 200g SUP_40949
29554,Tostadas Integrales 16p 100g GRI
29497,Super Hot Dog 8p 600g REY
32497,Panditas Acidos 5p 25g EXP CA RIC_3316
29497,Super Hot Dog 8p 600g REY
536,Panquecito 50g tira BIM_133
29552,Tostadas Dieta 16p 100g GRI
33288,Submarinos Mix 540g Cj MLA_33288
500328,Mini Chocoso 20g BIM_500328
29473,Molde Blanco 500g SUP
29554,Tostadas Integrales 16p 100g GRI
29549,Mini Tostadas Integrales 40g GRI
29551,Tostadas Naturales 16p 100g GRI
29502,Briollo 8p 240g PNL
32497,Panditas Acidos 5p 25g EXP CA RIC_3316
29558,Apanadura Dorada 150g SUP
29526,Rosquitas Llaneras 200g SUP
29502,Briollo 8p 240g PNL
500328,Mini Chocoso 20g BIM_500328
33288,Submarinos Mix 540g Cj MLA_33288
536,Panquecito 50g tira BIM_133
29544,Mini Tostadas Francesas 40g GRI
29490,Super Hot Dog 8p 600g SUP
29530,Mini Rosquitas Naturales 50g SUP
42619,Submarinos Manjar 4p 33g MLA_42619
42517,Supan Integral Clasico 500g SUP_42517
29491,Super Hamburguesa 8p 520g SUP
29551,Tostadas Naturales 16p 100g GRI
32497,Panditas Acidos 5p 25g EXP CA RIC_3316
29554,Tostadas Integrales 16p 100g GRI
33288,Submarinos Mix 540g Cj MLA_33288
29557,Apanadura 250g BIM
29497,Super Hot Dog 8p 600g REY
29490,Super Hot Dog 8p 600g SUP
29530,Mini Rosquitas Naturales 50g SUP
29549,Mini Tostadas Integrales 40g GRI
42609,Submarinos Chocolate 4p 33g MLA_42609
29534,Bimboletes Vainilla 2p 70g BIM_29534
29502,Briollo 8p 240g PNL
29549,Mini Tostadas Integrales 40g GRI
29546,Tostadas Francesas 4p 30g GRI
29549,Mini Tostadas Integrales 40g GRI
42619,Submarinos Manjar 4p 33g MLA_42619
42626,Submarinos Vainilla 4p 33g MLA_42626
29554,Tostadas Integrales 16p 100g GRI
536,Panquecito 50g tira BIM_133
29553,Tostadas Francesas 16p 120g GRI
29502,Briollo 8p 240g PNL
500328,Mini Chocoso 20g BIM_500328
41684,Molde Sanduchero 800g SUP_41684
42626,Submarinos Vainilla 4p 33g MLA_42626
42525,Mega Bimburguer 4p 300g BIM_42525
42513,Molde 100pct Integral 600g BIM_42513
500329,Mini Brownie Chocolate 18g BIM_500329
42626,Submarinos Vainilla 4p 33g MLA_42626
29502,Briollo 8p 240g PNL
29552,Tostadas Dieta 16p 100g GRI
29537,Pan Dulce 16p 500g Dpy BIM_29537
29537,Pan Dulce 16p 500g Dpy BIM_29537
29530,Mini Rosquitas Naturales 50g SUP
29470,Molde sin Corteza 450g GRI
42223,Molde Blanco con Actileche 580g BIM_42223
29553,Tostadas Francesas 16p 120g GRI
29553,Tostadas Francesas 16p 120g GRI
48948,Rayita Vainilla Chocolate 50g BIM_48948
29537,Pan Dulce 16p 500g Dpy BIM_29537
29490,Super Hot Dog 8p 600g SUP
40949,Rosquitas Integrales 200g SUP_40949
32497,Panditas Acidos 5p 25g EXP CA RIC_3316
42517,Supan Integral Clasico 500g SUP_42517
29556,Apanadura 500g GRI
40949,Rosquitas Integrales 200g SUP_40949
500328,Mini Chocoso 20g BIM_500328
29527,Rosquitas Trenzadas 200g SUP
29494,Hamburguesa 8p 400g SUP
29497,Super Hot Dog 8p 600g REY
29502,Briollo 8p 240g PNL
29491,Super Hamburguesa 8p 520g SUP
42619,Submarinos Manjar 4p 33g MLA_42619
29549,Mini Tostadas Integrales 40g GRI
2546,Pan Tostadito Natural 20p 115g BIM_1982
536,Panquecito 50g tira BIM_133
29537,Pan Dulce 16p 500g Dpy BIM_29537
29559,Apanadura Granel 23Kg SUP
29557,Apanadura 250g BIM
29553,Tostadas Francesas 16p 120g GRI
29557,Apanadura 250g BIM
500328,Mini Chocoso 20g BIM_500328
42609,Submarinos Chocolate 4p 33g MLA_42609
29557,Apanadura 250g BIM
41685,Molde Actileche sn Corteza 450g BIM_41685
40949,Rosquitas Integrales 200g SUP_40949
29499,Super Hamburguesa 12p 800g REY
29536,Bimboletes Gotas Chocolate 2p 70g BIM_29536
29554,Tostadas Integrales 16p 100g GRI
29497,Super Hot Dog 8p 600g REY
29541,Mini Tostadas Naturales 120g GRI
33288,Submarinos Mix 540g Cj MLA_33288
29548,Mini Tostadas Integrales 120g GRI
29470,Molde sin Corteza 450g GRI
39723,Tortillinas Clasicas 10p 250g BIM_39723
500328,Mini Chocoso 20g BIM_500328
42619,Submarinos Manjar 4p 33g MLA_42619
29542,Mini Tostadas Naturales 40g GRI
29557,Apanadura 250g BIM
29553,Tostadas Francesas 16p 120g GRI
29551,Tostadas Naturales 16p 100g GRI
29497,Super Hot Dog 8p 600g REY
33288,Submarinos Mix 540g Cj MLA_33288
29471,Molde Gigante 800g REY
29527,Rosquitas Trenzadas 200g SUP
29557,Apanadura 250g BIM
29469,Molde Brioche 580g GRI
500329,Mini Brownie Chocolate 18g BIM_500329
29556,Apanadura 500g GRI
29494,Hamburguesa 8p 400g SUP
41688,Bimburger 4p 230g BIM_41688
33288,Submarinos Mix 540g Cj MLA_33288
29558,Apanadura Dorada 150g SUP
29554,Tostadas Integrales 16p 100g GRI
29557,Apanadura 250g BIM
32497,Panditas Acidos 5p 25g EXP CA RIC_3316
40949,Rosquitas Integrales 200g SUP_40949
29479,Molde Integral 700g SUP
29469,Molde Brioche 580g GRI
29542,Mini Tostadas Naturales 40g GRI
41684,Molde Sanduchero 800g SUP_41684
29490,Super Hot Dog 8p 600g SUP
41684,Molde Sanduchero 800g SUP_41684
29558,Apanadura Dorada 150g SUP
2546,Pan Tostadito Natural 20p 115g BIM_1982
500329,Mini Brownie Chocolate 18g BIM_500329
33288,Submarinos Mix 540g Cj MLA_33288
29542,Mini Tostadas Naturales 40g GRI
29471,Molde Gigante 800g REY
29549,Mini Tostadas Integrales 40g GRI
29526,Rosquitas Llaneras 200g SUP
29530,Mini Rosquitas Naturales 50g SUP
29536,Bimboletes Gotas Chocolate 2p 70g BIM_29536
29494,Hamburguesa 8p 400g SUP
29490,Super Hot Dog 8p 600g SUP
40949,Rosquitas Integrales 200g SUP_40949
41687,Bimdog 8p 320g BIM_41687
29553,Tostadas Francesas 16p 120g GRI
49276,Submarinos Chocomora 2p 54g MLA_49276
29495,Hot Dog 8p 320g SUP
42223,Molde Blanco con Actileche 580g BIM_42223
49276,Submarinos Chocomora 2p 54g MLA_49276
536,Panquecito 50g tira BIM_133
29491,Super Hamburguesa 8p 520g SUP
41687,Bimdog 8p 320g BIM_41687
29554,Tostadas Integrales 16p 100g GRI
29526,Rosquitas Llaneras 200g SUP
500328,Mini Chocoso 20g BIM_500328
29491,Super Hamburguesa 8p 520g SUP
42609,Submarinos Chocolate 4p 33g MLA_42609
29486,Molde Yogurt y Almendras 680g BAU
41685,Molde Actileche sn Corteza 450g BIM_41685
29533,Mini Rosquitas Integrales 50g SUP
29557,Apanadura 250g BIM
29549,Mini Tostadas Integrales 40g GRI
29554,Tostadas Integrales 16p 100g GRI
29558,Apanadura Dorada 150g SUP
42609,Submarinos Chocolate 4p 33g MLA_42609
29490,Super Hot Dog 8p 600g SUP
29537,Pan Dulce 16p 500g Dpy BIM_29537
42223,Molde Blanco con Actileche 580g BIM_42223
29499,Super Hamburguesa 12p 800g REY
29554,Tostadas Integrales 16p 100g GRI
29549,Mini Tostadas Integrales 40g GRI
536,Panquecito 50g tira BIM_133
29554,Tostadas Integrales 16p 100g GRI
29553,Tostadas Francesas 16p 120g GRI
536,Panquecito 50g tira BIM_133
29502,Briollo 8p 240g PNL
29470,Molde sin Corteza 450g GRI
29519,Dulzones Chocolate 12p 360g SUP
33288,Submarinos Mix 540g Cj MLA_33288
500329,Mini Brownie Chocolate 18g BIM_500329
29533,Mini Rosquitas Integrales 50g SUP
29479,Molde Integral 700g SUP
41687,Bimdog 8p 320g BIM_41687
29483,Molde Yogurt y Almendras 500g BAU
29558,Apanadura Dorada 150g SUP
29519,Dulzones Chocolate 12p 360g SUP
29497,Super Hot Dog 8p 600g REY
29479,Molde Integral 700g SUP
29558,Apanadura Dorada 150g SUP
500328,Mini Chocoso 20g BIM_500328
29544,Mini Tostadas Francesas 40g GRI
29551,Tostadas Naturales 16p 100g GRI
41685,Molde Actileche sn Corteza 450g BIM_41685
500329,Mini Brownie Chocolate 18g BIM_500329
29551,Tostadas Naturales 16p 100g GRI
44945,Hot Dog Gourmet 12p 890g EUR_4531
41628,Keke Casero Vainilla 230g BIM_41628
41687,Bimdog 8p 320g BIM_41687
29554,Tostadas Integrales 16p 100g GRI
29551,Tostadas Naturales 16p 100g GRI
29530,Mini Rosquitas Naturales 50g SUP
29557,Apanadura 250g BIM
29479,Molde Integral 700g SUP
29553,Tostadas Francesas 16p 120g GRI
29471,Molde Gigante 800g REY
42513,Molde 100pct Integral 600g BIM_42513
29471,Molde Gigante 800g REY
29530,Mini Rosquitas Naturales 50g SUP
29551,Tostadas Naturales 16p 100g GRI
33288,Submarinos Mix 540g Cj MLA_33288
29558,Apanadura Dorada 150g SUP
29549,Mini Tostadas Integrales 40g GRI
29557,Apanadura 250g BIM
29497,Super Hot Dog 8p 600g REY
49276,Submarinos Chocomora 2p 54g MLA_49276
29551,Tostadas Naturales 16p 100g GRI
29491,Super Hamburguesa 8p 520g SUP
500329,Mini Brownie Chocolate 18g BIM_500329
48920,Tortillinas Clasicas gde 8p 320g BIM_48920
29538,Submarinos Sumergido 2p 54g MLA_29538
29546,Tostadas Francesas 4p 30g GRI
42609,Submarinos Chocolate 4p 33g MLA_42609
29497,Super Hot Dog 8p 600g REY
500329,Mini Brownie Chocolate 18g BIM_500329
29538,Submarinos Sumergido 2p 54g MLA_29538
29526,Rosquitas Llaneras 200g SUP
41685,Molde Actileche sn Corteza 450g BIM_41685
42223,Molde Blanco con Actileche 580g BIM_42223
29557,Apanadura 250g BIM
29499,Super Hamburguesa 12p 800g REY
29481,Molde 9 Cereales 500g BAU
40265,Apanadura Dorada 1Kg SUP_40265
29530,Mini Rosquitas Naturales 50g SUP
536,Panquecito 50g tira BIM_133
33288,Submarinos Mix 540g Cj MLA_33288
29479,Molde Integral 700g SUP
42517,Supan Integral Clasico 500g SUP_42517
29536,Bimboletes Gotas Chocolate 2p 70g BIM_29536
33288,Submarinos Mix 540g Cj MLA_33288
33288,Submarinos Mix 540g Cj MLA_33288
29489,Hamburguesa Jumbo12p 1140g SUP_29489
42517,Supan Integral Clasico 500g SUP_42517
42609,Submarinos Chocolate 4p 33g MLA_42609
29499,Super Hamburguesa 12p 800g REY
29554,Tostadas Integrales 16p 100g GRI
32497,Panditas Acidos 5p 25g EXP CA RIC_3316
29521,Dulzones Chocolate 2p 60g SUP
29473,Molde Blanco 500g SUP
500329,Mini Brownie Chocolate 18g BIM_500329
41687,Bimdog 8p 320g BIM_41687
29527,Rosquitas Trenzadas 200g SUP
49276,Submarinos Chocomora 2p 54g MLA_49276
42223,Molde Blanco con Actileche 580g BIM_42223
29490,Super Hot Dog 8p 600g SUP
33288,Submarinos Mix 540g Cj MLA_33288
29536,Bimboletes Gotas Chocolate 2p 70g BIM_29536
29502,Briollo 8p 240g PNL
41688,Bimburger 4p 230g BIM_41688
29495,Hot Dog 8p 320g SUP
42609,Submarinos Chocolate 4p 33g MLA_42609
41685,Molde Actileche sn Corteza 450g BIM_41685
33288,Submarinos Mix 540g Cj MLA_33288
29534,Bimboletes Vainilla 2p 70g BIM_29534
29533,Mini Rosquitas Integrales 50g SUP
42517,Supan Integral Clasico 500g SUP_42517
29499,Super Hamburguesa 12p 800g REY
500329,Mini Brownie Chocolate 18g BIM_500329
29527,Rosquitas Trenzadas 200g SUP
29495,Hot Dog 8p 320g SUP
41685,Molde Actileche sn Corteza 450g BIM_41685
33288,Submarinos Mix 540g Cj MLA_33288
29471,Molde Gigante 800g REY
29479,Molde Integral 700g SUP
29471,Molde Gigante 800g REY
29541,Mini Tostadas Naturales 120g GRI
500329,Mini Brownie Chocolate 18g BIM_500329
29557,Apanadura 250g BIM
29497,Super Hot Dog 8p 600g REY
536,Panquecito 50g tira BIM_133
29557,Apanadura 250g BIM
29527,Rosquitas Trenzadas 200g SUP
42517,Supan Integral Clasico 500g SUP_42517
29556,Apanadura 500g GRI
29543,Mini Tostadas Francesas 120g GRI
29549,Mini Tostadas Integrales 40g GRI
29502,Briollo 8p 240g PNL
29553,Tostadas Francesas 16p 120g GRI
500328,Mini Chocoso 20g BIM_500328
29558,Apanadura Dorada 150g SUP
29536,Bimboletes Gotas Chocolate 2p 70g BIM_29536
500329,Mini Brownie Chocolate 18g BIM_500329
29526,Rosquitas Llaneras 200g SUP
29497,Super Hot Dog 8p 600g REY
33288,Submarinos Mix 540g Cj MLA_33288
536,Panquecito 50g tira BIM_133
29497,Super Hot Dog 8p 600g REY
29526,Rosquitas Llaneras 200g SUP
29473,Molde Blanco 500g SUP
42517,Supan Integral Clasico 500g SUP_42517
44945,Hot Dog Gourmet 12p 890g EUR_4531
29526,Rosquitas Llaneras 200g SUP
29554,Tostadas Integrales 16p 100g GRI
29497,Super Hot Dog 8p 600g REY
29527,Rosquitas Trenzadas 200g SUP
29470,Molde sin Corteza 450g GRI
42513,Molde 100pct Integral 600g BIM_42513
29558,Apanadura Dorada 150g SUP
29541,Mini Tostadas Naturales 120g GRI
29499,Super Hamburguesa 12p 800g REY
29473,Molde Blanco 500g SUP
29491,Super Hamburguesa 8p 520g SUP
2546,Pan Tostadito Natural 20p 115g BIM_1982
29537,Pan Dulce 16p 500g Dpy BIM_29537
32497,Panditas Acidos 5p 25g EXP CA RIC_3316
49276,Submarinos Chocomora 2p 54g MLA_49276
29530,Mini Rosquitas Naturales 50g SUP
41685,Molde Actileche sn Corteza 450g BIM_41685
29534,Bimboletes Vainilla 2p 70g BIM_29534
29534,Bimboletes Vainilla 2p 70g BIM_29534
29487,Molde Avena y Nueces 650g BAU
536,Panquecito 50g tira BIM_133
41688,Bimburger 4p 230g BIM_41688
29534,Bimboletes Vainilla 2p 70g BIM_29534
33288,Submarinos Mix 540g Cj MLA_33288
29484,Molde 9 Cereales 680g BAU
500328,Mini Chocoso 20g BIM_500328
44945,Hot Dog Gourmet 12p 890g EUR_4531
500328,Mini Chocoso 20g BIM_500328
29487,Molde Avena y Nueces 650g BAU
42517,Supan Integral Clasico 500g SUP_42517
42517,Supan Integral Clasico 500g SUP_42517
29502,Briollo 8p 240g PNL
29490,Super Hot Dog 8p 600g SUP
536,Panquecito 50g tira BIM_133
29469,Molde Brioche 580g GRI
29481,Molde 9 Cereales 500g BAU
29499,Super Hamburguesa 12p 800g REY
33288,Submarinos Mix 540g Cj MLA_33288
536,Panquecito 50g tira BIM_133
29491,Super Hamburguesa 8p 520g SUP
41685,Molde Actileche sn Corteza 450g BIM_41685
33288,Submarinos Mix 540g Cj MLA_33288
29546,Tostadas Francesas 4p 30g GRI
40949,Rosquitas Integrales 200g SUP_40949
41685,Molde Actileche sn Corteza 450g BIM_41685
29502,Briollo 8p 240g PNL
29536,Bimboletes Gotas Chocolate 2p 70g BIM_29536
32497,Panditas Acidos 5p 25g EXP CA RIC_3316
29551,Tostadas Naturales 16p 100g GRI
29502,Briollo 8p 240g PNL
29530,Mini Rosquitas Naturales 50g SUP
500328,Mini Chocoso 20g BIM_500328
42609,Submarinos Chocolate 4p 33g MLA_42609
500328,Mini Chocoso 20g BIM_500328
29554,Tostadas Integrales 16p 100g GRI
536,Panquecito 50g tira BIM_133
29556,Apanadura 500g GRI
40949,Rosquitas Integrales 200g SUP_40949
29534,Bimboletes Vainilla 2p 70g BIM_29534
29491,Super Hamburguesa 8p 520g SUP
500329,Mini Brownie Chocolate 18g BIM_500329
40949,Rosquitas Integrales 200g SUP_40949
29542,Mini Tostadas Naturales 40g GRI
29499,Super Hamburguesa 12p 800g REY
29530,Mini Rosquitas Naturales 50g SUP
42609,Submarinos Chocolate 4p 33g MLA_42609
29551,Tostadas Naturales 16p 100g GRI
32497,Panditas Acidos 5p 25g EXP CA RIC_3316
42517,Supan Integral Clasico 500g SUP_42517
45272,Hot Dog Gourmet 12p 890g EUR_4531
39724,Tortillinas Integrales 10p 250g BIM_39724
49276,Submarinos Chocomora 2p 54g MLA_49276
29497,Super Hot Dog 8p 600g REY
29473,Molde Blanco 500g SUP
29536,Bimboletes Gotas Chocolate 2p 70g BIM_29536
29484,Molde 9 Cereales 680g BAU
29558,Apanadura Dorada 150g SUP
29542,Mini Tostadas Naturales 40g GRI
500329,Mini Brownie Chocolate 18g BIM_500329
33288,Submarinos Mix 540g Cj MLA_33288
29553,Tostadas Francesas 16p 120g GRI
29533,Mini Rosquitas Integrales 50g SUP
41687,Bimdog 8p 320g BIM_41687
29497,Super Hot Dog 8p 600g REY
536,Panquecito 50g tira BIM_133
29534,Bimboletes Vainilla 2p 70g BIM_29534
29497,
29489,
29536,
33288,
29538,
29473,
29491,
42609,
29533,
29544,
536,
29558,
536,
29499,
41685,
29558,
29533,
29527,
42517,
48920,
29533,
42517,
40949,
42223,
29554,
29558,
42517,
40949,
39723,
45272,
42609,
29549,
29544,
29549,
29558,
29499,
48948,
29530,
500328,
29554,
536,
29497,
29497,
29489,
29495,
42517,
29491,
29530,
536,
42517,
29471,
536,
29502,
29526,
42525,
29499,
29530,
33288,
29473,
29553,
40264,
41685,
29534,
41687,
49276,
29502,
29548,
32497,
29554,
536,
29481,
29558,
29470,
29533,
42619,
29481,
500328,
29537,
41685,
29556,
29554,
29470,
29502,
40949,
29543,
32497,
29495,
41684,
33288,
29552,
41687,
29534,
42517,
29470,
41687,
42626,
42626,
29521,
29470,
45272,
29553,
29469,
49276,
41688,
29499,
500328,
45272,
29557,
33288,
33288,
29553,
29527,
42619,
42517,
42517,
29470,
29551,
32497,
536,
32497,
29553,
29473,
500328,
500328,
29558,
41684,
29470,
29499,
29499,
2546,
29552,
29554,
29554,
29479,
29530,
32497,
29471,
29526,
29554,
29551,
29544,
29558,
29554,
29526,
29473,
29537,
48948,
29481,
29542,
29469,
536,
42517,
29552,
42609,
29490,
41685,
29551,
29537,
41685,
29497,
29559,
29483,
44945,
29473,
500329,
33288,
29490,
40949,
29553,
29473,
44945,
42619,
29484,
40949,
29490,
500328,
45272,
29553,
29491,
29483,
29544,
41628,
29552,
41688,
29483,
29470,
29556,
40949,
29533,
42619,
29556,
41684,
29471,
42517,
41687,
29542,
29526,
29551,
29527,
42496,
29551,
29530,
42223,
29526,
29553,
29481,
29526,
29537,
29483,
536,
29546,
42525,
42223,
32497,
39723,
29554,
29490,
42517,
29558,
29533,
29537,
29502,
29542,
29490,
29481,
29479,
29536,
29558,
29553,
29556,
32497,
29553,
500328,
42513,
44945,
29557,
29557,
29542,
29544,
29481,
33288,
29557,
29469,
29527,
29502,
29554,
29544,
29534,
536,
29557,
29554,
29481,
29554,
41685,
29536,
33288,
33288,
29483,
42619,
29553,
29481,
29471,
29536,
500329,
29530,
29489,
29494,
29490,
29533,
29483,
33288,
29558,
29499,
29471,
40949,
29551,
42626,
29537,
29552,
39724,
42513,
42626,
29481,
29470,
41628,
42609,
29471,
29499,
29473,
536,
29557,
29499,
29544,
29497,
29502,
29499,
33288,
42517,
42513,
536,
29537,
29502,
29495,
29494,
32497,
29527,
41685,
29491,
42626,
29502,
29502,
29497,
29537,
29481,
29527,
29487,
29536,
29530,
29556,
29551,
44945,
29533,
29526,
40265,
33288,
29470,
29494,
29554,
29491,
41685,
33288,
29558,
41685,
29502,
29552,
29526,
42609,
29502,
48948,
42223,
41685,
29530,
29470,
40949,
29533,
42223,
39723,
42609,
41684,
29489,
33288,
29530,
29534,
29530,
42619,
29479,
29557,
29542,
42517,
29533,
29537,
41687,
29557,
29544,
29558,
29526,
29502,
29530,
33288,
32497,
29473,
500329,
32497,
29534,
40949,
45272,
29537,
32497,
32497,
29489,
42626,
29544,
29533,
42525,
29537,
29534,
29499,
29495,
29483,
536,
29487,
500328,
48920,
29530,
29551,
29530,
42619,
29536,
29537,
42609,
29537,
45272,
29551,
500328,
29502,
33288,
29489,
29483,
29502,
29491,
42626,
42619,
42517,
29497,
29543,
29526,
29527,
29538,
29533,
29526,
29558,
29558,
29473,
29502,
29542,
29502,
42517,
29558,
29490,
42609,
42513,
29557,
33288,
29502,
41685,
29548,
29546,
29473,
32497,
29527,
42626,
29470,
500329,
29556,
29544,
29469,
41688,
41688,
40265,
29536,
29557,
29558,
29542,
29502,
29494,
29551,
29497,
500329,
29549,
29502,
29537,
536,
29554,
29526,
29502,
29470,
31297,
29553,
29489,
41628,
33288,
29469,
29551,
29497,
29479,
42626,
41688,
29557,
44945,
29502,
29553,
29479,
500328,
42609,
500328,
29489,
29497,
29502,
29558,
29549,
29558,
29553,
29543,
29534,
42513,
29527,
49276,
29554,
500328,
500329,
29558,
500329,
42609,
29553,
49276,
29558,
29557,
29530,
29469,
42517,
29479,
29527,
42223,
536,
29469,
500328,
29526,
29533,
41688,
29537,
41687,
42626,
42517,
29554,
29546,
29541,
29471,
49276,
500328,
41628,
29483,
41628,
29533,
500329,
29481,
29533,
29542,
29481,
42609,
29538,
500329,
29558,
29551,
29502,
40949,
29499,
41687,
44945,
29497,
29527,
29536,
41687,
29553,
29554,
2546,
29481,
33288,
29487,
29489,
49276,
29557,
536,
42517,
29502,
33288,
29473,
33288,
29530,
29530,
29489,
29497,
41688,
29502,
33288,
29499,
29499,
536,
41688,
29554,
500328,
29554,
29536,
41685,
29499,
29473,
42609,
500329,
41685,
29553,
29537,
41685,
33288,
42626,
29554,
29538,
41688,
29473,
29470,
29470,
29549,
29542,
29481,
29469,
29481,
49276,
42525,
41685,
